X,Y,Z,areas,ax1s,ax2s,bat_ids,global_ids,gyrations,types,volumes,type 2
0.4,5.85,3.4,39.7,10.979,0.4513,#170082,2v99NL2sf6qBDgL4Hvx7rt,1.632,IfcWallStandardCase,3.616,G
0.4,5.75,3.4,39.0201,10.9854,0.4513,#170330,2v99NL2sf6qBDgL4Hvx7ui,1.6032,IfcWallStandardCase,3.552,G
0.4,4.225,3.4,28.65,11.1219,0.4516,#170454,2v99NL2sf6qBDgL4Hvx7_F,1.1634,IfcWallStandardCase,2.576,G
0.4,4.2,3.4,28.48,11.125,0.4516,#170516,2v99NL2sf6qBDgL4Hvx7y3,1.1561,IfcWallStandardCase,2.56,G
2.1,0.4,3.4,14.2,11.6776,0.4535,#170702,2v99NL2sf6qBDgL4Hvx71B,0.5515,IfcWallStandardCase,1.216,G
0.4,4.3546,3.4,29.5314,11.1064,0.4516,#171880,2v99NL2sf6qBDgL4Hvx7Jw,1.2007,IfcWallStandardCase,2.659,G
0.4,1.55,3.4,10.4599,12.1065,0.456,#172066,2v99NL2sf6qBDgL4Hvx7N6,0.394,IfcWallStandardCase,0.864,G
0.45,4.65,3.4,32.305,9.0744,0.3614,#174136,3JMXB3LNXARBQKZCOMER3f,1.2866,IfcWallStandardCase,3.56,G
0.55,5.85,3.4,42.355,6.6933,0.2582,#174322,3JMXB3LNXARBQKZCOMERU4,1.6341,IfcWallStandardCase,6.328,G
0.55,5.75,3.4,41.645,6.6996,0.2583,#174384,3JMXB3LNXARBQKZCOMERP0,1.6053,IfcWallStandardCase,6.216,G
5.2,0.4,3.4,35.28,11.025,0.4514,#174570,3JMXB3LNXARBQKZCOMERLR,1.4445,IfcWallStandardCase,3.2,G
5.8,0.4,3.4,39.36,10.9821,0.4513,#174632,3JMXB3LNXARBQKZCOMERK8,1.6176,IfcWallStandardCase,3.584,G
0.4,2.4093,3.4,16.3034,11.5303,0.4529,#175128,06aXuHdnfDevf7cb6ywicA,0.6404,IfcWallStandardCase,1.414,G
0.6,0.3,3.4,3.28,25.625,0.9299,#175190,06aXuHdnfDevf7cb6ywifp,0.119,IfcWallStandardCase,0.128,G
0.3,4.6,3.4,29.68,21.0795,0.9023,#175276,06aXuHdnfDevf7cb6ywilb,1.2705,IfcWallStandardCase,1.408,G
0.7,0.3,3.4,3.942,24.9652,0.9303,#175338,06aXuHdnfDevf7cb6ywiju,0.1469,IfcWallStandardCase,0.1579,G
0.3,2.5,3.4,15.82,21.4946,0.903,#175425,06aXuHdnfDevf7cb6ywipR,0.6646,IfcWallStandardCase,0.736,G
0.7,0.3,3.4,3.94,24.625,0.92,#175487,06aXuHdnfDevf7cb6ywinX,0.1472,IfcWallStandardCase,0.16,G
0.3,1.3,3.4,7.9,22.4432,0.9058,#175611,06aXuHdnfDevf7cb6ywisS,0.3189,IfcWallStandardCase,0.352,G
0.4,2.05,3.4,13.86,11.7061,0.4537,#175673,06aXuHdnfDevf7cb6ywiqK,0.5372,IfcWallStandardCase,1.184,G
0.7,0.3,3.4,3.93,27.2917,0.9558,#175748,06aXuHdnfDevf7cb6ywixR,0.1376,IfcWallStandardCase,0.144,G
0.3,1.2,3.4,7.24,22.625,0.9066,#175885,06aXuHdnfDevf7cb6ywivk,0.2901,IfcWallStandardCase,0.32,G
0.3,5.05,3.4,32.65,21.0374,0.9023,#176071,06aXuHdnfDevf7cb6ywi_z,1.4004,IfcWallStandardCase,1.552,G
0.3,1.4,3.4,8.56,22.2917,0.9052,#176195,06aXuHdnfDevf7cb6ywj3a,0.3476,IfcWallStandardCase,0.384,G
0.4,2.1,3.4,14.2,11.6776,0.4535,#176493,06aXuHdnfDevf7cb6ywj2L,0.5515,IfcWallStandardCase,1.216,G
0.3,6.6,3.4,42.88,20.9375,0.9022,#176617,06aXuHdnfDevf7cb6ywj1N,1.8477,IfcWallStandardCase,2.048,G
0.3,3,3.4,19.12,21.3393,0.9027,#176741,06aXuHdnfDevf7cb6ywjBu,0.8088,IfcWallStandardCase,0.896,G
0.8,0.5,3.78,6.804,10.5587,0.3005,#176886,06aXuHdnfDevf7cb6ywj98,0.1936,IfcWallStandardCase,0.6444,G
0.3,5.2,3.4,33.64,21.025,0.9023,#177459,06aXuHdnfDevf7cb6ywjHV,1.4437,IfcWallStandardCase,1.6,G
2.85,0.4,3.4,19.3,11.3797,0.4523,#177706,04yVcuklbCQvcOMspFJyDs,0.7672,IfcWallStandardCase,1.696,G
0.4,1.55,3.4,10.46,12.1065,0.456,#177763,04yVcuklbCQvcOMspFJyEf,0.394,IfcWallStandardCase,0.864,G
4.5,0.3,3.4,29.02,21.0901,0.9024,#177820,04yVcuklbCQvcOMspFJy8g,1.2416,IfcWallStandardCase,1.376,G
0.3,0.7,3.4,3.94,24.625,0.92,#177877,04yVcuklbCQvcOMspFJy8T,0.1472,IfcWallStandardCase,0.16,G
0.4,0.7,3.4,4.68,14.625,0.4858,#177934,04yVcuklbCQvcOMspFJy9K,0.1555,IfcWallStandardCase,0.32,G
3.4,0.4,3.4,23.04,11.25,0.4519,#177991,04yVcuklbCQvcOMspFJysg,0.9256,IfcWallStandardCase,2.048,G
1.175,0.4,3.4,7.91,12.6763,0.4604,#178048,04yVcuklbCQvcOMspFJytX,0.2873,IfcWallStandardCase,0.624,G
0.4,4.7,19.42,182.4685,10.5485,0.0752,#178105,04yVcuklbCQvcOMspFJytO,1.3003,IfcWallStandardCase,17.298,G
1,0.4,19.42,38.76,12.6041,0.0774,#178163,04yVcuklbCQvcOMspFJym_,0.238,IfcWallStandardCase,3.0752,G
0.55,8.5,3.52,60.958,6.871,0.2632,#494136,0ZqacWhpf1Hv5rQXjA6n0k,2.3349,IfcWallStandardCase,8.8718,W1
0.45,3.25,3.52,16.793,11.1046,0.5879,#496259,24$sCAY4D9mOhiS27XZ_Ar,0.889,IfcWallStandardCase,1.5122,W1
0.45,4.25,3.52,21.777,10.8262,0.5869,#496321,24$sCAY4D9mOhiS27XZ_Ap,1.1806,IfcWallStandardCase,2.0115,W1
0.45,4.315,3.52,22.2436,10.7674,0.5857,#496383,24$sCAY4D9mOhiS27XZ_An,1.2099,IfcWallStandardCase,2.0658,W1
0.45,4.35,3.52,23.1661,11.0604,0.5857,#496507,24$sCAY4D9mOhiS27XZ_Az,1.2269,IfcWallStandardCase,2.0945,W1
4.25,0.45,3.52,24.1244,10.7171,0.5442,#497375,24$sCAY4D9mOhiS27XZ_AV,1.225,IfcWallStandardCase,2.251,W1
0.45,4.4825,3.52,23.4395,10.6309,0.5797,#540860,1jU$ARE_5CaBZPX1SpKnYU,1.2781,IfcWallStandardCase,2.2049,W1
0.45,4.45,3.52,23.8801,10.9667,0.5828,#543321,3tC4u1CvvAkBDugOhg1Ntm,1.2691,IfcWallStandardCase,2.1775,W1
0.45,4.565,3.52,24.7012,10.8674,0.5809,#556765,1EKo5JN9L5NvshFXOn1pp4,1.3205,IfcWallStandardCase,2.273,W1
0.45,4.7325,3.52,25.8971,10.7369,0.5753,#994878,3UjDsVYoTFf8tNAXgzpowx,1.3877,IfcWallStandardCase,2.412,W1
0.55,2.4,4.36,20.468,8.4217,0.2741,#1158008,1_Vrvmihj4qeIUiY13_W3N,0.6662,IfcWallStandardCase,2.4304,W1
0.55,2.45,4.36,20.919,8.3569,0.2722,#1158655,1_Vrvmihj4qeIUiY13_W33,0.6813,IfcWallStandardCase,2.5032,W1
4.2,0.535,4.36,36.9562,7.4338,0.2363,#1159539,1_Vrvmihj4qeIUiY13_W1i,1.1746,IfcWallStandardCase,4.9714,W1
0.45,3.25,4.36,22.337,10.376,0.4122,#1173030,1_Vrvmihj4qeIUiY13_WNg,0.8874,IfcWallStandardCase,2.1527,W1
0.45,4.25,4.36,29.001,10.1331,0.4116,#1173092,1_Vrvmihj4qeIUiY13_WNe,1.1779,IfcWallStandardCase,2.862,W1
0.45,4.315,4.36,29.5768,10.0945,0.411,#1173154,1_Vrvmihj4qeIUiY13_WNc,1.2042,IfcWallStandardCase,2.93,W1
0.45,4.35,4.36,30.5581,10.3028,0.411,#1173278,1_Vrvmihj4qeIUiY13_WNY,1.2191,IfcWallStandardCase,2.966,W1
4.25,0.45,4.36,31.3484,10.1074,0.3903,#1174146,1_Vrvmihj4qeIUiY13_WK4,1.2106,IfcWallStandardCase,3.1015,W1
0.45,4.4825,4.36,31.0541,10.004,0.4083,#1215131,1_Vrvmihj4qeIUiY13_Wga,1.2673,IfcWallStandardCase,3.1042,W1
0.45,4.45,4.36,31.4401,10.241,0.4097,#1216794,1_Vrvmihj4qeIUiY13_Wh8,1.2578,IfcWallStandardCase,3.07,W1
0.45,4.565,4.36,32.4544,10.175,0.4088,#1217426,1_Vrvmihj4qeIUiY13_Whz,1.304,IfcWallStandardCase,3.1896,W1
8,0.4,4.36,65.528,11.0339,0.3657,#1221312,1_Vrvmihj4qeIUiY13_Woj,2.1718,IfcWallStandardCase,5.9388,W1
7.95,0.4,4.36,65.092,11.0378,0.3654,#1223504,1_Vrvmihj4qeIUiY13_Wpm,2.1548,IfcWallStandardCase,5.8972,W1
0.4,2.1,4.36,15.032,13.1952,0.4899,#1225218,1_Vrvmihj4qeIUiY13_WmH,0.558,IfcWallStandardCase,1.1392,W1
0.35,2.1,4.36,14.122,16.5286,0.6516,#1244421,2Ry_DYcljDzBfNo3rcNqDA,0.5567,IfcWallStandardCase,0.8544,W1
0.4,1.8,3.4,9.39,15.024,0.8724,#166956,0uU8hD1E9Bp8u1ekcFsVEo,0.5452,IfcWallStandardCase,0.625,D1
0.4,5.75,3.4,36.2901,11.3584,0.4919,#170268,2v99NL2sf6qBDgL4Hvx7xS,1.5716,IfcWallStandardCase,3.195,D1
0.4,4.75,3.4,29.49,11.5421,0.4696,#170392,2v99NL2sf6qBDgL4Hvx7v3,1.1998,IfcWallStandardCase,2.555,D1
0.4,2.3,3.4,9.56,16.2585,1.1891,#170640,2v99NL2sf6qBDgL4Hvx70U,0.6992,IfcWallStandardCase,0.588,D1
4.15,0.4,3.4,25.41,11.7043,0.552,#170764,2v99NL2sf6qBDgL4Hvx77o,1.1984,IfcWallStandardCase,2.171,D1
4.2,0.4,3.4,25.75,11.6886,0.4759,#170826,2v99NL2sf6qBDgL4Hvx75I,1.0485,IfcWallStandardCase,2.203,D1
4.2,0.4,3.4,22.48,12.4612,0.7085,#170888,2v99NL2sf6qBDgL4Hvx7AQ,1.2781,IfcWallStandardCase,1.804,D1
4.15,0.4,3.4,25.41,11.7043,0.5502,#170950,2v99NL2sf6qBDgL4Hvx7Bm,1.1944,IfcWallStandardCase,2.171,D1
4.2,0.4,3.4,25.75,11.6886,0.548,#171012,2v99NL2sf6qBDgL4Hvx7B_,1.2071,IfcWallStandardCase,2.203,D1
4.15,0.4,3.4,25.41,11.7043,0.5276,#171384,2v99NL2sf6qBDgL4Hvx79V,1.1455,IfcWallStandardCase,2.171,D1
4.2,0.4,3.4,25.75,11.6886,0.5193,#171446,2v99NL2sf6qBDgL4Hvx79T,1.1441,IfcWallStandardCase,2.203,D1
4.2,0.4,3.4,25.75,11.6886,0.5486,#171632,2v99NL2sf6qBDgL4Hvx797,1.2085,IfcWallStandardCase,2.203,D1
0.4,5.85,3.4,36.97,11.344,0.5146,#171756,2v99NL2sf6qBDgL4Hvx7Fg,1.6771,IfcWallStandardCase,3.259,D1
0.4,5.75,3.4,36.2901,11.3584,0.514,#171818,2v99NL2sf6qBDgL4Hvx7IY,1.6423,IfcWallStandardCase,3.195,D1
0.4,4.3,3.4,26.43,11.6586,0.5437,#171942,2v99NL2sf6qBDgL4Hvx7GZ,1.2327,IfcWallStandardCase,2.267,D1
4.55,0.4,3.4,28.13,11.5904,0.5304,#172004,2v99NL2sf6qBDgL4Hvx7MU,1.2874,IfcWallStandardCase,2.427,D1
5.8,0.4,3.4,36.63,11.3511,0.5227,#174756,3JMXB3LNXARBQKZCOMERMD,1.6869,IfcWallStandardCase,3.227,D1
8,0.4,3.4,48.32,11.407,0.4861,#174880,3JMXB3LNXARBQKZCOMERG$,2.059,IfcWallStandardCase,4.236,D1
8,0.4,3.4,46,11.3412,0.4822,#174942,0Lxif$jO5BnRnakfvw1OGd,1.9558,IfcWallStandardCase,4.056,D1
0.4,2.3,3.4,12.83,12.999,0.6131,#175004,0Lxif$jO5BnRnakfvw1OkA,0.6051,IfcWallStandardCase,0.987,D1
2.1,0.4,3.4,11.47,13.3527,0.6808,#175066,06aXuHdnfDevf7cb6ywiWa,0.5848,IfcWallStandardCase,0.859,D1
0.4,1.75,3.4,9.09,14.315,0.8068,#175549,06aXuHdnfDevf7cb6ywimt,0.5123,IfcWallStandardCase,0.635,D1
0.4,1.7,3.4,8.75,14.5108,0.8021,#175947,06aXuHdnfDevf7cb6ywiuc,0.4837,IfcWallStandardCase,0.603,D1
0.4,2.25,3.4,12.49,13.0785,0.5744,#176133,06aXuHdnfDevf7cb6ywiz6,0.5485,IfcWallStandardCase,0.955,D1
0.4,4.5,3.4,27.79,11.6033,0.5195,#176679,06aXuHdnfDevf7cb6ywj6J,1.2442,IfcWallStandardCase,2.395,D1
0.4,1.1,3.4,4.67,21.3242,1.3133,#176975,06aXuHdnfDevf7cb6ywjEP,0.2876,IfcWallStandardCase,0.219,D1
0.4,1.6,3.4,8.07,14.9722,0.7743,#177583,06aXuHdnfDevf7cb6ywjMS,0.4173,IfcWallStandardCase,0.539,D1
4.25,0.4,3.4,26.09,11.6734,0.5236,#177645,04yVcuklbCQvcOMspFJy3M,1.1702,IfcWallStandardCase,2.235,D1
0.295,10.8998,1.65,33.338,22.6189,2.0957,#26936,2eJyEaYCD5$vp3sqRDYDUU,3.0889,IfcWallStandardCase,1.4739,G
0.295,6.5,1.65,19.7425,22.7494,2.0959,#29121,0WutJJepX1WBKn3CzXtkDU,1.8189,IfcWallStandardCase,0.8678,G
0.295,8.1175,1.65,24.7406,22.6845,2.0958,#31065,3_6OhM4F99r9_T4NfGhN7g,2.2857,IfcWallStandardCase,1.0906,G
0.295,5.025,1.65,15.1847,22.8464,2.0961,#31098,3EE3qy_9r2PBBVDM9jb8jU,1.3931,IfcWallStandardCase,0.6646,G
0.295,1.2,4.7,10.0449,23.4971,0.6783,#31197,3EE3qy_9r2PBBVDM9jb8$r,0.29,IfcWallStandardCase,0.4275,G
0.295,1.1825,4.7,9.8842,23.5327,0.6784,#31230,3EE3qy_9r2PBBVDM9jb8$u,0.2849,IfcWallStandardCase,0.42,G
0.295,1.2025,4.7,10.0677,23.4921,0.6783,#31265,2GAOpPYbH4SRYdH4UBORs4,0.2907,IfcWallStandardCase,0.4286,G
0.295,5.0725,1.65,15.3316,22.8424,2.096,#31298,0GZ7tiljP2eRLliOUg1ZTT,1.4068,IfcWallStandardCase,0.6712,G
0.295,8,5.7,88.327,21.6727,0.5525,#31387,0vFgjiGXf4X8MA511Xyh5f,2.2518,IfcWallStandardCase,4.0755,G
0.295,1.3,5.6,13.115,23.2412,0.5648,#31497,0vFgjiGXf4X8MA511Xyh18,0.3187,IfcWallStandardCase,0.5643,G
37.7,0.35,0.9,63.96,16.2438,2.7493,#72511,0i9$JmG11Fw9E4CNFJFVm4,10.8254,IfcWallStandardCase,3.9375,G
37.77,0.295,1.6,112.6004,22.5344,2.1705,#72592,0i9$JmG11Fw9E4CNFJFVeD,10.8456,IfcWallStandardCase,4.9968,G
37.69,0.295,0.8,52.2251,24.4393,5.0645,#82140,3PeSjAy_jD1QzCUzvp7QBY,10.8225,IfcWallStandardCase,2.1369,G
37.595,0.295,0.8,52.0931,24.4394,5.0645,#108288,3PeSjAy_jD1QzCUzvp7RIF,10.795,IfcWallStandardCase,2.1315,G
37.77,0.295,0.9,59.8693,23.963,4.341,#119871,3fRFhSMAX7dA7SlQYhGtm8,10.8456,IfcWallStandardCase,2.4984,G
2.7,0.4,5.2,28,11.2,0.2896,#163740,2JZkNUIYX3Oe5duEtnBooY,0.724,IfcWallStandardCase,2.5,G
3.1,0.4,5.2,32.16,11.0897,0.2894,#163773,2JZkNUIYX3Oe5duEtnBooj,0.8391,IfcWallStandardCase,2.9,G
5.9,0.4,5.2,61.28,10.7509,0.2889,#163862,2JZkNUIYX3Oe5duEtnBool,1.6465,IfcWallStandardCase,5.7,G
3,0.4,5.2,31.12,11.1143,0.2894,#163895,2JZkNUIYX3Oe5duEtnBoof,0.8103,IfcWallStandardCase,2.8,G
2.8,0.4,5.2,29.04,11.1692,0.2895,#163928,2JZkNUIYX3Oe5duEtnBooe,0.7528,IfcWallStandardCase,2.6,G
0.4,5.7,5.2,59.2,10.7636,0.2889,#164015,2JZkNUIYX3Oe5duEtnBoog,1.5888,IfcWallStandardCase,5.5,G
0.4,11.5,5.2,119.52,10.577,0.2887,#164048,2JZkNUIYX3Oe5duEtnBooL,3.2625,IfcWallStandardCase,11.3,G
2.8,0.4,4.9,27.36,11.1948,0.308,#164114,2JZkNUIYX3Oe5duEtnBooM,0.7528,IfcWallStandardCase,2.444,G
0.4,4,5.05,40.32,10.9387,0.298,#164393,2JZkNUIYX3Oe5duEtnBooS,1.0985,IfcWallStandardCase,3.686,G
0.4,5.9,5.2,61.28,10.7509,0.2889,#164426,2JZkNUIYX3Oe5duEtnBooV,1.6465,IfcWallStandardCase,5.7,G
0.4,6.7,5.2,69.6,10.7077,0.2888,#164459,2JZkNUIYX3Oe5duEtnBooU,1.8773,IfcWallStandardCase,6.5,G
0.295,1.095,5.5,10.6641,23.6646,0.5766,#166776,3K3ZJOUDr2$w$puUyLgPZh,0.2598,IfcWallStandardCase,0.4506,G
0.325,0.3,4.7,2.05,36.4444,0.8215,#166884,0iI0GoM150DBaFqHiK5PSM,0.0462,IfcWallStandardCase,0.0563,G
0.325,0.3,4.7,2.0499,36.447,0.8216,#166940,0iI0GoM150DBaFqHiK5PGV,0.0462,IfcWallStandardCase,0.0562,G
0.4,1.2001,4.7,11.2012,12.4442,0.3271,#166994,0iI0GoM150DBaFqHiK5PLQ,0.2944,IfcWallStandardCase,0.9001,G
0.325,0.3,4.7,2.05,36.4445,0.8215,#167044,0iI0GoM150DBaFqHiK5P8P,0.0462,IfcWallStandardCase,0.0562,G
0.298,0.325,4.7,2.0315,36.8526,0.8318,#167094,0iI0GoM150DBaFqHiK5PCZ,0.0459,IfcWallStandardCase,0.0551,G
0.3015,0.325,4.7,2.0639,36.1489,0.8141,#167127,2dfV06I2rElQwCOTp$1WXk,0.0465,IfcWallStandardCase,0.0571,G
1.185,0.4,4.7,11.059,12.4749,0.3273,#167227,2dfV06I2rElQwCOTp$1W$v,0.2901,IfcWallStandardCase,0.8865,G
0.3005,0.325,4.7,2.0546,36.345,0.819,#167327,2vjWxPtgX9gBPh0vYcD0HX,0.0463,IfcWallStandardCase,0.0565,G
0.3004,0.325,5,2.1887,36.3427,0.7684,#167410,2vjWxPtgX9gBPh0vYcD7_W,0.0463,IfcWallStandardCase,0.0602,G
0.4,0.3,4.7,2.74,30.4444,0.7172,#167510,1QSYqTBFDCA9WgP2OuN12j,0.0645,IfcWallStandardCase,0.09,G
0.4,1.25,4.7,11.67,12.3492,0.3265,#167560,1QSYqTBFDCA9WgP2OuN1vr,0.3086,IfcWallStandardCase,0.945,G
0.295,28.395,0.8,39.305,24.4569,5.0645,#167943,1QSYqTBFDCA9WgP2OuN3Ge,8.1392,IfcWallStandardCase,1.6071,G
0.295,28.38,1.6,84.5242,22.5522,2.1705,#167976,1QSYqTBFDCA9WgP2OuN3M9,8.1349,IfcWallStandardCase,3.7479,G
0.295,0.565,2.3,2.0013,27.4845,1.4952,#168009,1QSYqTBFDCA9WgP2OuN3Ls,0.1089,IfcWallStandardCase,0.0728,G
0.295,34.895,0.8,48.3401,24.4436,5.0645,#178650,0mv1r4WXrEuRWGcJMZgXYc,10.0156,IfcWallStandardCase,1.9776,G
0.295,34.895,1.6,104.0042,22.5388,2.1705,#178683,0mv1r4WXrEuRWGcJMZgXYO,10.0156,IfcWallStandardCase,4.6144,G
0.295,34.88,0.8,48.3192,24.4436,5.0645,#188615,0mv1r4WXrEuRWGcJMZg_ll,10.0113,IfcWallStandardCase,1.9768,G
0.295,34.88,1.6,103.9593,22.5389,2.1705,#188648,0mv1r4WXrEuRWGcJMZg_lX,10.0113,IfcWallStandardCase,4.6124,G
0.295,34.975,1.6,104.2434,22.5387,2.1705,#218677,0mv1r4WXrEuRWGcJMZg_2s,10.0387,IfcWallStandardCase,4.6251,G
0.295,0.885,2.7,4.03,24.7725,1.2271,#218710,0mv1r4WXrEuRWGcJMZg_2e,0.1996,IfcWallStandardCase,0.1627,G
0.295,34.975,1.3,83.3213,22.9283,2.7625,#218743,0mv1r4WXrEuRWGcJMZg_Or,10.0387,IfcWallStandardCase,3.634,G
0.295,34.975,3,201.8795,21.8244,1.0852,#218776,0mv1r4WXrEuRWGcJMZg_Ot,10.0387,IfcWallStandardCase,9.2502,G
0.295,35,1.6,104.3181,22.5387,2.1705,#235838,2ElaMl3GL2$8t5ROuFOtPI,10.0459,IfcWallStandardCase,4.6284,G
37.675,0.295,1.6,112.3163,22.5346,2.1705,#254443,2ElaMl3GL2$8t5ROuFOqSj,10.8181,IfcWallStandardCase,4.9842,G
37.675,0.295,3,217.5124,21.8203,1.0852,#263496,2ElaMl3GL2$8t5ROuFOqIZ,10.8181,IfcWallStandardCase,9.9684,G
14.345,0.295,4.7,124.3694,21.8001,0.7283,#363565,1XryCeKOzBqft9$Y0GaXPJ,4.155,IfcWallStandardCase,5.705,W1
14.345,0.295,6.45,174.2094,21.6232,0.5132,#363621,1XryCeKOzBqft9$Y0GaXPC,4.1347,IfcWallStandardCase,8.0566,W1
10.9,0.35,4.3,86.49,14.2476,0.5171,#365599,1icADcKgb6M9bIRREFjKa$,3.1393,IfcWallStandardCase,6.0705,W1
10.9,0.35,4.7,95.17,14.178,0.467,#366103,1icADcKgb6M9bIRREFjKuZ,3.135,IfcWallStandardCase,6.7125,W1
10.9,0.35,6.6,136.4,13.9725,0.3198,#366229,1icADcKgb6M9bIRREFjKuO,3.1218,IfcWallStandardCase,9.762,W1
10.785,0.202,2.91,50.2318,1001.2194,54.9675,#367716,3nP6EfvIz4LfUC29PiUjbW,2.7578,IfcWallStandardCase,0.0502,W1
12.1,0.202,2.91,57.3643,1001.1596,54.5683,#370148,3omIDUQ6f5qvjepGOZQRZy,3.1266,IfcWallStandardCase,0.0573,W1
9.296,0.202,2.91,42.5623,1001.4594,62.275,#372548,3omIDUQ6f5qvjepGOZQRXb,2.6467,IfcWallStandardCase,0.0425,W1
12.1,0.202,3.31,66.8859,1001.0183,47.5904,#382448,2hRYymaC56LuDbjdMeL732,3.1799,IfcWallStandardCase,0.0668,W1
9.296,0.202,3.31,49.8407,1001.2782,53.1713,#384848,2hRYymaC56LuDbjdMeL72C,2.6467,IfcWallStandardCase,0.0498,W1
12.1,0.202,3.81,78.7879,1000.8898,40.9749,#388912,0AoQPdu6bD3gZZurZ7hnvn,3.2255,IfcWallStandardCase,0.0787,W1
9.296,0.202,3.81,58.9387,1001.1147,44.9412,#391333,0AoQPdu6bD3gZZurZ7hnut,2.6458,IfcWallStandardCase,0.0589,W1
3.5,0.23,2.926,16.5532,68.6642,4.1431,#392159,27bPlnidn6XQxakiNF4Lgl,0.9988,IfcWallStandardCase,0.2411,W1
2.8,0.23,2.926,12.6948,69.0578,4.1731,#392297,27bPlnidn6XQxakiNF4Ll1,0.7671,IfcWallStandardCase,0.1838,W1
3.5,0.23,3.31,19.1107,68.4747,3.557,#398631,0c5VK_ZPb51w1iKLtZinOY,0.9927,IfcWallStandardCase,0.2791,W1
2.8,0.23,3.31,14.7146,68.8306,3.5804,#398753,0c5VK_ZPb51w1iKLtZinOd,0.7654,IfcWallStandardCase,0.2138,W1
3.5,0.23,3.81,22.4407,68.2936,3.0033,#399077,0c5VK_ZPb51w1iKLtZinOJ,0.9868,IfcWallStandardCase,0.3286,W1
2.8,0.23,3.81,17.3446,68.6154,3.0209,#399199,0c5VK_ZPb51w1iKLtZinOK,0.7636,IfcWallStandardCase,0.2528,W1
10.785,0.202,3.31,58.7014,1001.0706,47.939,#401803,29nXb4Icz0x9FZuoscAumF,2.8111,IfcWallStandardCase,0.0586,W1
2.74,0.23,3.31,14.3378,68.8715,3.5852,#404433,1x2SxoscP6t9Q18YRStpvi,0.7464,IfcWallStandardCase,0.2082,W1
10.7875,0.4,5.3,107.8673,10.7019,0.2906,#428198,15$xRwvpT5_vLo4hTiJwZ2,2.9286,IfcWallStandardCase,10.0792,W1
10.785,0.4,4.55,91.6634,10.798,0.3416,#428231,15$xRwvpT5_vLo4hTiJwhF,2.8997,IfcWallStandardCase,8.4889,W1
10.786,0.4,4.55,91.6725,10.7979,0.3416,#428297,15$xRwvpT5_vLo4hTiJwq0,2.9,IfcWallStandardCase,8.4898,W1
10.785,0.4,5.05,102.4484,10.7305,0.3058,#428495,15$xRwvpT5_vLo4hTiJwrM,2.9197,IfcWallStandardCase,9.5474,W1
0.282,3.307,4.2,22.1935,26.3589,1.1376,#529374,0PKFff$hT97vUgbUYisajx,0.9578,IfcWallStandardCase,0.842,W1
0.226,11.475,2.91,58.1579,78.0306,4.4586,#391730,2UKODqE_T1BvIi6QOVzABK,3.3231,IfcWallStandardCase,0.7453,D1
0.22,2.26,2.928,7.5305,103.7348,7.913,#391975,2UKODqE_T1BvIi6QOVzA3P,0.5744,IfcWallStandardCase,0.0726,D1
0.23,5.64,2.926,26.2106,68.2599,3.6781,#392386,27bPlnidn6XQxakiNF4Liv,1.4123,IfcWallStandardCase,0.384,D1
0.23,4.54,2.926,20.1474,68.5228,3.7834,#392475,27bPlnidn6XQxakiNF4LYu,1.1124,IfcWallStandardCase,0.294,D1
0.22,2.26,3.3,9.078,103.253,6.66,#395681,2XXbMgn2z2tOBALNaKi3J2,0.5855,IfcWallStandardCase,0.0879,D1
0.226,4.8,3.81,29.9591,78.2955,3.3598,#395914,2XXbMgn2z2tOBALNaKi3GJ,1.2856,IfcWallStandardCase,0.3826,D1
1.574,0.226,3.81,6.4997,81.3989,5.6021,#395970,2XXbMgn2z2tOBALNaKi3GI,0.4473,IfcWallStandardCase,0.0798,D1
0.226,11.475,3.81,78.4997,77.7874,3.2758,#396026,2XXbMgn2z2tOBALNaKi3GT,3.3058,IfcWallStandardCase,1.0092,D1
0.22,2.26,3.8,11.158,102.8198,5.3131,#396210,2XXbMgn2z2tOBALNaKi3G6,0.5766,IfcWallStandardCase,0.1085,D1
0.23,5.64,3.31,30.4116,68.0879,3.225,#398842,0c5VK_ZPb51w1iKLtZinOf,1.4404,IfcWallStandardCase,0.4467,D1
0.23,4.54,3.31,23.5036,68.32,3.3135,#398931,0c5VK_ZPb51w1iKLtZinOh,1.1399,IfcWallStandardCase,0.344,D1
0.23,5.64,3.81,35.8816,67.9252,2.7735,#399288,0c5VK_ZPb51w1iKLtZinOM,1.4651,IfcWallStandardCase,0.5283,D1
0.23,4.54,3.81,27.8736,68.1303,2.8433,#399377,0c5VK_ZPb51w1iKLtZinOO,1.1633,IfcWallStandardCase,0.4091,D1
0.23,4.57,3.31,23.692,68.3119,3.31,#401209,29nXb4Icz0x9FZuoscAuhe,1.148,IfcWallStandardCase,0.3468,D1
0.226,4.8,3.31,25.3331,78.4692,3.9474,#401451,29nXb4Icz0x9FZuoscAurX,1.2744,IfcWallStandardCase,0.3228,D1
1.574,0.226,3.31,5.0997,82.2692,7.3651,#401507,29nXb4Icz0x9FZuoscAurW,0.4565,IfcWallStandardCase,0.062,D1
0.226,11.477,3.31,67.2113,77.9041,3.842,#401563,29nXb4Icz0x9FZuoscAurd,3.3147,IfcWallStandardCase,0.8627,D1
0.22,2.26,3.31,9.1196,103.2423,6.6312,#401747,29nXb4Icz0x9FZuoscAuri,0.5858,IfcWallStandardCase,0.0883,D1
3.202,0.202,3.31,12.4434,1002.5301,80.309,#402200,29nXb4Icz0x9FZuoscAumr,0.9968,IfcWallStandardCase,0.0124,D1
0.4,5.9,4.55,50.25,11.0707,0.3443,#405068,1gw_kUMQz9pu5tx9zrQy8X,1.5626,IfcWallStandardCase,4.539,D1
0.4,11.5,4.55,101.21,10.7544,0.3517,#405101,1gw_kUMQz9pu5tx9zrQy8Y,3.31,IfcWallStandardCase,9.411,D1
3,0.4,4.55,21.46,12.0022,0.4973,#405134,1gw_kUMQz9pu5tx9zrQy8Z,0.8892,IfcWallStandardCase,1.788,D1
0.4,5.9,4.15,45.53,11.1511,0.3799,#405791,0Jr0dLCeXAp9NjIBzfJQSE,1.5513,IfcWallStandardCase,4.083,D1
0.4,11.5,4.15,92.01,10.8158,0.3897,#405824,0Jr0dLCeXAp9NjIBzfJQSD,3.3148,IfcWallStandardCase,8.507,D1
3,0.4,4.15,19.06,12.1867,0.5753,#405857,0Jr0dLCeXAp9NjIBzfJQSC,0.8998,IfcWallStandardCase,1.564,D1
0.4,5.9,6,67.76,10.9432,0.2565,#406639,0MWwVUe95E0gt9umXVI3w9,1.5881,IfcWallStandardCase,6.192,D1
0.4,5.7,5.05,54.13,11.0132,0.3088,#411856,0h6oHVzXr4lhHoilUl8cNL,1.5178,IfcWallStandardCase,4.915,D1
0.4,11.3,5.05,110.69,10.6978,0.314,#411889,0h6oHVzXr4lhHoilUl8cNI,3.2488,IfcWallStandardCase,10.347,D1
4.94,0.282,4.2,35.9178,25.6603,1.0285,#529285,0PKFff$hT97vUgbUYisajG,1.4396,IfcWallStandardCase,1.3997,D1
2.6,0.4,3.65,18.9,11.413,0.4198,#4194,1n1tOwV7DFTvYHk4QEqaxi,0.6952,IfcWallStandardCase,1.656,G
10,0.4,5.3,105.84,10.8088,0.2919,#4227,1n1tOwV7DFTvYHk4QEqaye,2.8586,IfcWallStandardCase,9.792,G
0.4,3.2,5.15,32.88,11.0707,0.2922,#4281,1n1tOwV7DFTvYHk4QEqa$p,0.8679,IfcWallStandardCase,2.97,G
0.7,3.5,4.7,37.5,5.0505,0.1298,#4314,1n1tOwV7DFTvYHk4QEqZ5a,0.9635,IfcWallStandardCase,7.425,G
0.7,7.1,5.3,82.38,4.682,0.1135,#4347,1n1tOwV7DFTvYHk4QEqZ65,1.9971,IfcWallStandardCase,17.595,G
0.6,6.45,3.2,44.9,5.9867,0.2411,#4380,1n1tOwV7DFTvYHk4QEqZFD,1.8079,IfcWallStandardCase,7.5,G
0.6,4.6,3.8,38.08,6.0101,0.2013,#4419,1n1tOwV7DFTvYHk4QEqZGu,1.2754,IfcWallStandardCase,6.336,G
2.7,0.55,3.2,18.85,7.181,0.2776,#4452,1n1tOwV7DFTvYHk4QEqZLd,0.7287,IfcWallStandardCase,2.625,G
7.1,0.55,3.2,48.33,6.6708,0.2753,#4491,1n1tOwV7DFTvYHk4QEqZNF,1.9944,IfcWallStandardCase,7.245,G
7.1,0.55,3.1,46.88,6.6938,0.2848,#4524,1n1tOwV7DFTvYHk4QEqZPD,1.9944,IfcWallStandardCase,7.0035,G
4.7,0.55,3.1,31.28,6.8484,0.2853,#4557,1n1tOwV7DFTvYHk4QEqZRP,1.303,IfcWallStandardCase,4.5675,G
0.6,4.6009,3.2,32.3259,6.1211,0.2416,#4590,1n1tOwV7DFTvYHk4QEqZVo,1.2757,IfcWallStandardCase,5.281,G
0.6,6.5,3.2,45.24,5.9841,0.241,#4623,1n1tOwV7DFTvYHk4QEqZW0,1.8223,IfcWallStandardCase,7.56,G
0.6,4.4,3.2,30.96,6.1429,0.2417,#4656,1n1tOwV7DFTvYHk4QEqZYQ,1.2179,IfcWallStandardCase,5.04,G
0.7,2.4,4.7,26.5,5.3535,0.1316,#4689,1n1tOwV7DFTvYHk4QEqZc1,0.6513,IfcWallStandardCase,4.95,G
0.4,4.1,3.8,31.08,11.0684,0.4015,#4722,1n1tOwV7DFTvYHk4QEqZjK,1.1273,IfcWallStandardCase,2.808,G
4.5,0.5,3.8,35.7,7.6873,0.2679,#4755,1n1tOwV7DFTvYHk4QEqZkT,1.2443,IfcWallStandardCase,4.644,G
1.05,0.5,3.65,8.445,9.5993,0.2958,#5568,1n1tOwV7DFTvYHk4QEqYG1,0.2602,IfcWallStandardCase,0.8797,G
4.4493,4.7975,3.48,48.1611,5.102,0.1774,#8067,1n1tOwV7DFTvYHk4QEqYwB,1.6742,IfcWallStandardCase,9.4396,G
6.7817,0.45,3,41.097,9.0795,0.4128,#8107,1n1tOwV7DFTvYHk4QEqYwD,1.8686,IfcWallStandardCase,4.5263,G
7.2,0.45,3,44.1,9,0.4127,#8146,1n1tOwV7DFTvYHk4QEqYwF,2.022,IfcWallStandardCase,4.9,G
4.7,0.45,3,28.85,9.1587,0.413,#8179,1n1tOwV7DFTvYHk4QEqYw1,1.301,IfcWallStandardCase,3.15,G
0.45,5.1738,3,31.2467,9.2254,0.4133,#8231,1n1tOwV7DFTvYHk4QEqYw3,1.3997,IfcWallStandardCase,3.387,G
0.45,3.5,3,21.53,9.3203,0.4136,#8264,1n1tOwV7DFTvYHk4QEqYw5,0.9554,IfcWallStandardCase,2.31,G
0.7,7,3.45,54.25,4.9095,0.1781,#8297,1n1tOwV7DFTvYHk4QEqYw7,1.9683,IfcWallStandardCase,11.05,G
0.45,6.45,3.1,40.825,9.0097,0.3985,#8330,1n1tOwV7DFTvYHk4QEqYwP,1.8057,IfcWallStandardCase,4.5312,G
0.6,4.6,4,40,5.9809,0.1907,#8363,1n1tOwV7DFTvYHk4QEqYwR,1.2754,IfcWallStandardCase,6.688,G
2.7,0.45,3.45,19.125,9.4154,0.3571,#8396,1n1tOwV7DFTvYHk4QEqYwT,0.7253,IfcWallStandardCase,2.0312,G
5.53,0.45,3.4,38.377,9.0002,0.3612,#8429,1n1tOwV7DFTvYHk4QEqYwV,1.5403,IfcWallStandardCase,4.264,G
7.1,0.45,3.4,49.21,8.9149,0.3611,#8462,1n1tOwV7DFTvYHk4QEqYwH,1.9932,IfcWallStandardCase,5.52,G
4.7,0.45,3.1,29.8,9.1341,0.3988,#8495,1n1tOwV7DFTvYHk4QEqYwJ,1.301,IfcWallStandardCase,3.2625,G
0.45,4.6009,3,28.2453,9.1687,0.4131,#8528,1n1tOwV7DFTvYHk4QEqYwL,1.2725,IfcWallStandardCase,3.0806,G
0.45,6.5,3,39.83,9.0317,0.4127,#8561,1n1tOwV7DFTvYHk4QEqYwN,1.8201,IfcWallStandardCase,4.41,G
0.45,4.4,3.45,31.025,9.0916,0.3559,#8594,1n1tOwV7DFTvYHk4QEqYzf,1.2146,IfcWallStandardCase,3.4125,G
0.45,2.5,3,15.43,9.5839,0.4148,#8627,1n1tOwV7DFTvYHk4QEqYzh,0.6679,IfcWallStandardCase,1.61,G
0.4,3.6,5.15,37,10.9923,0.2921,#9078,10fPks3MLBnBpjOOBthRh9,0.9832,IfcWallStandardCase,3.366,G
2.6898,0.4,3.28,12.888,13.9178,0.8436,#39727,2Zb3p5HPz8nfS$ptjX8tp7,0.7812,IfcWallStandardCase,0.926,W1
2.6,0.4,3.28,12.376,14.0893,0.861,#39847,2MbOa7W$T38fBQ_pycxkyx,0.7563,IfcWallStandardCase,0.8784,W1
2.6898,0.4,3.28,12.9653,13.8854,0.8402,#39934,2MbOa7W$T38fBQ_pycxk$P,0.7845,IfcWallStandardCase,0.9337,W1
2.6898,0.4,3.33,13.2342,13.8054,0.8169,#40108,2MbOa7W$T38fBQ_pycxknr,0.7831,IfcWallStandardCase,0.9586,W1
2.6898,0.22,2.7,6.7887,105.2657,12.3873,#76155,35YGX0kvH4tBLlUh8nLB5D,0.7989,IfcWallStandardCase,0.0645,W1
0.22,1.33,2.7,4.2672,105.363,8.7325,#76482,2q$$2E9$P56AW7V3V5H3gS,0.3537,IfcWallStandardCase,0.0405,W1
7.1,0.22,2.7,19.9718,103.0543,10.8063,#90993,2VIUSKMJrAYOi5zw0V3uP_,2.0943,IfcWallStandardCase,0.1938,W1
7.1,0.4,2.8,26.7198,12.8709,1.0084,#94139,1vdU$CBJ1BjO6E$RUd4QKf,2.0935,IfcWallStandardCase,2.076,W1
1.73,0.29,3.25,8.2584,26.2434,1.4386,#39438,2TV8BHSIbD0QXseWAOAewn,0.4527,IfcWallStandardCase,0.3147,D1
0.29,1.105,3.25,3.3944,34.9137,3.0877,#39471,2TV8BHSIbD0QXseWAOAed4,0.3002,IfcWallStandardCase,0.0972,D1
0.22,1.195,2.8,2.0418,112.5579,18.4895,#73669,3kZ$J2DOL21f39$OSajQj5,0.3354,IfcWallStandardCase,0.0181,D1
0.22,2.005,2.8,6.2862,104.318,7.4082,#75611,3kZ$J2DOL21f39$OSajQ_i,0.4464,IfcWallStandardCase,0.0603,D1
0.22,3.21,2.7,7.7944,104.0641,14.8943,#75836,35YGX0kvH4tBLlUh8nLBkg,1.1156,IfcWallStandardCase,0.0749,D1
5.1,0.22,2.7,21.136,102.0077,7.0913,#76209,35YGX0kvH4tBLlUh8nLB1n,1.4693,IfcWallStandardCase,0.2072,D1
0.22,1.76,2.7,4.2664,106.1294,12.6126,#76362,0OM3TdaV12ARg_wb2PpjJ_,0.507,IfcWallStandardCase,0.0402,D1
2.215,0.22,2.7,6.5596,104.2033,8.5024,#76602,2q$$2E9$P56AW7V3V5H3l2,0.5352,IfcWallStandardCase,0.0629,D1
0.29,5.1,2.8,23.59,24.1577,1.3536,#90022,2VIUSKMJrAYOi5zw0V3vbP,1.3218,IfcWallStandardCase,0.9765,D1
0.22,5,2.7,20.632,102.0376,6.8718,#91397,2VIUSKMJrAYOi5zw0V3uxt,1.3895,IfcWallStandardCase,0.2022,D1
0.29,5.1,2.8,22.96,24.041,1.3614,#91517,1JgJZjybP7iwzDeaN2QMa2,1.3002,IfcWallStandardCase,0.955,D1
0.3,2.7,2.75,10.4,23.1884,1.6729,#91770,1gd465w89DagSdMJc9SxUw,0.7503,IfcWallStandardCase,0.4485,D1
2.9,0.3,2.75,11.04,23.0721,1.724,#91980,1gd465w89DagSdMJc9Sxqd,0.8249,IfcWallStandardCase,0.4785,D1
0.22,6.08,2.7,26.0888,101.6362,6.5996,#94085,1vdU$CBJ1BjO6E$RUd4QeZ,1.694,IfcWallStandardCase,0.2567,D1
